{
  "capabilities": {
    "architecture_maturity": {
      "median": 0.8647301909042794,
      "p10": 0.7925965992859669,
      "p90": 0.9510512985238377
    },
    "ai_capability": {
      "median": 0.9868616065479281,
      "p10": 0.9447519125450031,
      "p90": 1.0
    },
    "dev_velocity": {
      "median": 0.9529949529201848,
      "p10": 0.896060015884528,
      "p90": 1.0
    },
    "reliability_engineering": {
      "median": 0.8332508048109681,
      "p10": 0.7599350050669187,
      "p90": 0.9238394925631679
    },
    "security_maturity": {
      "median": 0.753382997289677,
      "p10": 0.679692821387137,
      "p90": 0.8486194628063877
    },
    "scalability_infrastructure": {
      "median": 0.9157690070378308,
      "p10": 0.8521396252893453,
      "p90": 0.992682498567548
    },
    "automation_maturity": {
      "median": 0.8937387007144182,
      "p10": 0.8245680870492651,
      "p90": 0.9744946811448241
    },
    "observability": {
      "median": 0.8649763286483306,
      "p10": 0.793398423956033,
      "p90": 0.9565034263079569
    }
  },
  "technical_debt": {
    "median": 0.0,
    "p10": 0.0,
    "p90": 0.0
  },
  "integration_complexity": {
    "median": 0.1878308667141409,
    "p10": 0.13388343776995051,
    "p90": 0.24936523773595837
  },
  "meta": {
    "trials": 2000,
    "baseline_years": 1.0,
    "doubling_cycles": 5,
    "equivalent_years": 32.0,
    "cumulative_invested_years_median": 63.0
  }
}